{
  "id": 9,
  "category": "Behavioral",
  "competency": "Leadership",
  "difficulty": "Advanced",
  "question": "Tell me about a time when you had to lead a team through a significant change or challenge. How did you ensure the team remained motivated and effective?",
  "ratingCriteria": {
    "excellent": "Shows exceptional leadership with sophisticated change management approach, proactive stakeholder engagement, and measurable team performance outcomes. Demonstrates alignment with JP Morgan's leadership principles through strategic vision, empathetic communication, and resilience under pressure.",
    "good": "Shows strong leadership capabilities with clear change management strategy, effective team communication, and positive outcomes. Demonstrates alignment with key leadership qualities valued at JP Morgan.",
    "average": "Shows basic leadership skills with adequate team management and satisfactory outcomes. Demonstrates conventional approach without sophisticated leadership strategies or exceptional results.",
    "poor": "Shows limited leadership capabilities with reactive approach, communication gaps, and suboptimal team performance. Demonstrates minimal alignment with leadership expectations.",
    "veryPoor": "Shows ineffective leadership with poor change management, team disengagement, and negative outcomes. Demonstrates fundamental misunderstanding of leadership principles."
  },
  "sampleAnswers": {
    "excellent": "During my role as President of the UVA Investment Association, I led our 45-member organization through a significant transformation when our primary industry sponsor withdrew funding unexpectedly, threatening our annual conference that typically attracted 200+ students and 30 industry professionals.\n\nI approached this challenge with a structured change management framework. First, I conducted a comprehensive impact assessment, identifying that we had just eight weeks to secure $15,000 in alternative funding and restructure our conference format. Rather than simply communicating this challenge to the team, I developed a strategic vision for transforming this crisis into an opportunity to diversify our sponsorship base and create a more innovative conference model.\n\nI began by assembling a cross-functional crisis team with representatives from our sponsorship, events, and finance committees. I facilitated a transparent discussion about our situation, acknowledging the challenge while framing it as an opportunity to strengthen our organization's resilience and relevance. Together, we developed a three-pronged strategy: (1) approach a broader range of smaller sponsors rather than relying on one major contributor, (2) redesign our conference format to reduce costs while enhancing value, and (3) leverage our alumni network more effectively.\n\nRecognizing that different team members would respond differently to this challenge, I implemented a tailored communication approach. For our analytically-minded members, I shared detailed financial scenarios and metrics for success. For our relationship-focused members, I emphasized how this challenge would strengthen our community. I established weekly town halls where I provided transparent updates on our progress, celebrated small wins, and addressed concerns directly.\n\nTo maintain momentum, I implemented a recognition system that highlighted exceptional contributions across different workstreams. When our initial outreach yielded limited results, I personally met with team leaders to refine our approach, emphasizing that setbacks were learning opportunities rather than failures. I also instituted a "solutions-only" policy for our crisis team meetings, ensuring we remained focused on constructive problem-solving rather than dwelling on the challenge.\n\nThe results exceeded our expectations. We secured $22,000 from 12 different sponsors (versus our original $15,000 from one sponsor), reducing our future financial risk through diversification. Our redesigned conference format—featuring smaller, interactive workshops rather than large presentations—received the highest satisfaction ratings in our organization's history (4.8/5 versus 4.2/5 previously). Most importantly, team member engagement scores increased by 30% compared to the previous semester, with 90% of members reporting that the experience strengthened their commitment to the organization.\n\nThis experience reinforced my belief that effective leadership during change requires a combination of strategic vision, transparent communication tailored to different stakeholders, and creating an environment where challenges are framed as opportunities for growth and innovation.",
    "good": "As Vice President of Operations for the UVA Finance Club, I led a team of 12 committee members through a significant challenge when we needed to transition our flagship stock pitch competition from an in-person to a virtual format due to COVID-19 restrictions, with only four weeks' notice before the event.\n\nRecognizing the potential impact on our 60+ student participants and corporate judges, I immediately called an emergency team meeting to assess the situation. Rather than simply announcing the change, I facilitated a collaborative discussion about the challenges and opportunities presented by this transition. I acknowledged team concerns about technology limitations and participant engagement while emphasizing that this was an opportunity to innovate and potentially reach a broader audience.\n\nI developed a clear change management plan with specific workstreams: technology platform selection, competition format adaptation, participant communication, and judge coordination. I assigned team members to each workstream based on their strengths, giving them autonomy while establishing clear deliverables and timelines.\n\nTo maintain team motivation, I implemented several strategies. First, I scheduled brief daily check-ins to monitor progress, address obstacles quickly, and celebrate small wins. Second, I created a shared document where team members could log challenges and crowdsource solutions, fostering collective problem-solving. Third, I personally reached out to each team member weekly to provide support and recognition for their contributions.\n\nWhen we encountered technical challenges with our initially selected platform, I encouraged the team to view this as a learning opportunity rather than a setback. We quickly pivoted to an alternative solution, with team members working additional hours to ensure a smooth transition. I recognized this extra effort by organizing a virtual appreciation event and highlighting individual contributions to our faculty advisor.\n\nThe competition was successfully executed with 65 participants and 8 corporate judges. We received positive feedback on the new format, particularly the streamlined judging process and the ability for participants to receive more comprehensive feedback through recorded sessions. Team satisfaction surveys showed that 90% of members felt the experience improved their crisis management and digital event planning skills.\n\nThis experience taught me that effective leadership during change requires clear direction combined with empowering team members, transparent communication about both challenges and opportunities, and recognition of effort and achievement throughout the process. I've since applied these principles to other leadership situations, finding that this approach consistently helps maintain team motivation and effectiveness during periods of change.",
    "average": "Last year, as the Events Coordinator for the Business Club at UVA, I had to lead our team of five members through a challenging situation when our venue for the annual networking event canceled on us just two weeks before the event. This was a significant problem because we had already confirmed attendance from 50 students and 15 industry professionals.\n\nWhen I received the cancellation notice, I quickly called a team meeting to inform everyone about the situation. I explained that we needed to find a new venue quickly and might need to make some adjustments to our original plan. Everyone was understandably concerned, but I tried to keep a positive attitude and focus on solutions rather than the problem.\n\nI divided the work among team members - two people were assigned to contact alternative venues, one person was responsible for updating our budget if costs changed, and another was tasked with preparing communication for attendees. I took responsibility for coordinating with the industry professionals who were planning to attend.\n\nWe had regular check-ins every two days to share updates and adjust our plans as needed. When team members seemed stressed about the timeline, I reminded them that we had successfully organized events before and that I was confident in our ability to handle this challenge.\n\nAfter several days of searching, we found an alternative venue that was available, though it was somewhat smaller than our original location. We had to adjust our event format slightly, creating more structured networking rotations to accommodate the space limitations.\n\nThe event went forward successfully, with positive feedback from both students and professionals. Our team felt proud that we had overcome the challenge, and I made sure to thank everyone for their hard work and flexibility during our post-event meeting.\n\nThis experience taught me the importance of staying calm under pressure, maintaining clear communication within the team, and being flexible with plans when unexpected challenges arise.",
    "poor": "When I was working on a group project for my finance class last semester, I had to lead our team of four students through a difficult situation. We were supposed to create a comprehensive stock analysis, but two weeks before the deadline, one of our team members dropped the class, leaving us short-handed.\n\nI called a meeting to let everyone know what happened and told them we would need to work harder to complete the project on time. People were pretty upset because we had already divided the work based on having four people. I tried to keep everyone focused on the project rather than complaining about the situation.\n\nI looked at the work that was left to do and reassigned the missing member's tasks among the remaining team members. I took on some of the extra work myself, but I also had to ask the others to do more than originally planned. Some team members weren't happy about this, but I explained that we didn't really have a choice if we wanted to finish on time.\n\nWe had a few disagreements about how to redistribute the work, with some people feeling they were taking on more than others. I tried to be fair, but it was difficult to make everyone happy. We ended up having to meet more frequently than planned to coordinate our efforts and make sure everything was getting done.\n\nIn the end, we managed to complete the project and got a B grade. It wasn't as good as we had hoped for originally, but given the circumstances, it was acceptable. The professor understood our situation and took it into consideration when grading.\n\nI learned that it's hard to keep a team motivated when unexpected problems come up, but sometimes you just have to push through and do the best you can with the resources available.",
    "veryPoor": "In my marketing class last semester, I was put in charge of a group project where we had to create an advertising campaign. It was really frustrating because most of my team members weren't very committed to the project and didn't seem to care about getting a good grade.\n\nWhen we first met, I told everyone what parts of the project they needed to do and set deadlines for their work. I figured that was enough to get things moving, but when the first deadline came, only one person had actually completed their assigned tasks. The others either did incomplete work or didn't submit anything at all.\n\nI was pretty annoyed and sent out an email telling everyone they needed to step up and take the project more seriously. I reminded them that their grades depended on this project and that I didn't want my own grade to suffer because of their lack of effort.\n\nDespite my message, things didn't improve much. I ended up having to do a lot of the work myself because I couldn't rely on my teammates. I stayed up late several nights trying to put together a decent presentation with the limited materials I had.\n\nWhen it came time for our presentation, it was obvious that we weren't as prepared as the other groups. We got a C on the project, which was disappointing but not surprising given the lack of teamwork.\n\nI guess the main thing I learned is that you can't make people care about a project if they don't want to, and sometimes you just have to do the work yourself if you want something done right."
  }
}
