{
  "id": 7,
  "category": "Technical",
  "competency": "Economic Concepts",
  "difficulty": "Advanced",
  "question": "How would you expect the yield curve to change in response to different macroeconomic scenarios, and what would these changes signal about future economic conditions?",
  "ratingCriteria": {
    "excellent": "Shows sophisticated understanding of yield curve dynamics with nuanced analysis of multiple scenarios and their implications. Demonstrates deep knowledge of monetary policy transmission, term premium dynamics, and market expectations. Includes global context and interconnections between yield curves and other financial indicators.",
    "good": "Shows strong understanding of yield curve shapes and their economic implications. Demonstrates clear knowledge of how monetary policy and economic conditions affect different parts of the curve with logical conclusions about future conditions.",
    "average": "Shows basic understanding of common yield curve shapes and their general economic significance. Demonstrates conventional knowledge without sophisticated insights into curve dynamics or policy implications.",
    "poor": "Shows limited understanding of yield curve concepts with simplistic or partially incorrect explanations. Demonstrates confusion about the relationship between curve shapes and economic conditions.",
    "veryPoor": "Shows fundamental misconceptions about yield curves with incorrect explanations of basic concepts. Demonstrates inability to connect yield curve shapes to economic conditions."
  },
  "sampleAnswers": {
    "excellent": "The yield curve—the relationship between interest rates and time to maturity for debt securities—is a powerful economic indicator whose shape and movements reflect a complex interplay of monetary policy expectations, inflation forecasts, risk premiums, and market sentiment.\n\nIn an economic expansion transitioning to overheating, we would typically observe a bear steepening initially (rates rising with long-end rising faster than short-end) as inflation expectations increase and term premiums expand to compensate for greater uncertainty. This steepening would signal market expectations of future monetary tightening. As the central bank begins raising policy rates to combat inflation, the curve would then undergo bear flattening (rates rising with short-end rising faster than long-end), reflecting the implementation of tighter monetary policy while long-term inflation expectations remain anchored. This flattening would signal market confidence in the central bank's inflation-fighting credibility.\n\nConversely, as economic growth begins to slow, we would observe bull flattening (rates falling with long-end falling faster than short-end) as the market anticipates eventual monetary easing while the central bank maintains tight policy. This would signal expectations of declining future growth and inflation. As economic weakness becomes more pronounced and the central bank begins cutting rates, the curve would undergo bull steepening (rates falling with short-end falling faster than long-end), reflecting actual monetary easing while long-term rates remain elevated due to expectations of eventual recovery. This steepening would signal market expectations of successful policy stimulus and future economic recovery.\n\nAn inverted yield curve, where short-term rates exceed long-term rates, has historically been a reliable recession predictor, though with variable lead times. This inversion reflects market expectations that current tight monetary policy will need to be reversed significantly in the future to combat economic weakness. However, the inversion's predictive power must be evaluated in context—structural factors like quantitative easing, global safe-haven flows, or changing neutral rate estimates can influence the curve beyond pure economic expectations.\n\nThe yield curve's behavior also varies across different economic regimes. In a stagflationary environment, the curve might steepen dramatically as inflation expectations drive up long-term rates while economic weakness prevents significant short-term rate increases. In a deflationary scenario, the entire curve would shift downward with potential for a "Japanification" scenario where the curve flattens at very low levels across all maturities, signaling expectations of prolonged economic stagnation and ineffective monetary policy.\n\nGlobal interconnections add further complexity. In our integrated financial system, yield curves across major economies influence each other through interest rate differentials, currency expectations, and capital flows. For instance, aggressive tightening by the Federal Reserve without corresponding action from the ECB would typically steepen the U.S. curve relative to Europe's, potentially strengthening the dollar and creating feedback loops through trade and financial channels.\n\nBeyond the curve's level and slope, changes in curvature (the relationship between short, intermediate, and long rates) provide additional signals. A curve with pronounced humps or dips in the intermediate segment might indicate market uncertainty about the path or effectiveness of monetary policy over that specific time horizon.\n\nFor investment decision-making, these yield curve dynamics would inform sector rotation strategies, duration positioning, and cross-asset allocations. For instance, a steepening curve in early recovery typically favors financials and cyclicals, while a flattening curve during late-cycle conditions might support defensive sectors and shorter-duration fixed income.",
    "good": "The yield curve represents the relationship between interest rates and time to maturity for debt securities, typically government bonds. Its shape and movements provide important signals about market expectations for future economic conditions and monetary policy.\n\nIn a normal economic environment, the yield curve is upward sloping, with longer-term bonds offering higher yields than shorter-term bonds to compensate investors for greater inflation uncertainty and term premium. This shape generally indicates expectations of steady economic growth.\n\nWhen the economy is strengthening and inflation pressures are building, the yield curve typically steepens, with long-term rates rising faster than short-term rates. This steepening occurs because investors demand greater compensation for inflation risk in the long term, while short-term rates remain anchored by current central bank policy. This scenario signals expectations of economic expansion and potential future monetary tightening.\n\nAs the central bank begins raising short-term rates to combat inflation, the yield curve tends to flatten, with short-term rates rising faster than long-term rates. This flattening reflects tighter monetary policy at the short end, while long-term rates may be tempered by expectations that higher rates will eventually control inflation and potentially slow economic growth. This scenario typically occurs during the mature phase of an economic expansion.\n\nAn inverted yield curve, where short-term rates exceed long-term rates, has historically been a reliable predictor of recessions. This inversion occurs when markets expect economic weakness to force the central bank to cut rates significantly in the future. The inversion essentially reflects a market forecast that current tight monetary policy will need to be reversed to combat upcoming economic contraction.\n\nIn a deflationary or severe recessionary environment, the entire yield curve shifts downward, with rates falling across all maturities as the central bank cuts policy rates and potentially implements quantitative easing. The curve may steepen again as short-term rates approach zero while long-term rates incorporate expectations of eventual recovery and future inflation.\n\nThese yield curve movements have important implications for investment strategy. Banks and financial institutions generally benefit from steeper yield curves that allow them to borrow at lower short-term rates and lend at higher long-term rates. Conversely, flattening or inverted curves compress this spread, potentially reducing financial sector profitability.\n\nFor fixed income investors, anticipated yield curve changes inform duration positioning—extending duration when the curve is expected to flatten or shift downward, and shortening duration when the curve is expected to steepen or shift upward.\n\nIt's important to note that while these relationships generally hold, structural factors like central bank asset purchases, regulatory changes affecting bond demand, or global capital flows can sometimes distort the yield curve's traditional signaling mechanism.",
    "average": "The yield curve shows the relationship between interest rates and bond maturities. In normal economic conditions, the yield curve is upward sloping, meaning longer-term bonds have higher yields than shorter-term bonds. This happens because investors typically demand higher returns for locking up their money for longer periods.\n\nThere are several common shapes the yield curve can take, each signaling different economic conditions:\n\n1. Normal (upward sloping) yield curve: This indicates that the economy is expected to grow at a normal pace. Investors expect higher inflation in the future, so they demand higher yields for longer-term bonds.\n\n2. Steep yield curve: When the difference between short-term and long-term rates is larger than usual, it often signals expectations for stronger economic growth and potentially higher inflation. This typically happens early in an economic recovery when the central bank keeps short-term rates low to stimulate growth.\n\n3. Flat yield curve: When short-term and long-term rates are similar, it suggests that investors expect economic growth to slow. This often happens when the central bank is raising short-term rates to control inflation.\n\n4. Inverted yield curve: When short-term rates are higher than long-term rates, it's often a warning sign of a potential recession. This happens because investors expect the central bank to cut rates in the future to stimulate a slowing economy.\n\nIf inflation is expected to rise, the yield curve would likely steepen as investors demand higher yields on longer-term bonds to compensate for the erosion of purchasing power. If a recession is anticipated, the yield curve might flatten or invert as investors expect the central bank to cut rates in response to economic weakness.\n\nCentral bank policies also affect the yield curve. When a central bank raises short-term interest rates, it typically causes the yield curve to flatten. Quantitative easing programs, where central banks buy longer-term bonds, can push down long-term yields and flatten the curve from the long end.",
    "poor": "The yield curve shows the interest rates for bonds with different maturities. Usually, longer-term bonds have higher interest rates than shorter-term bonds, which creates an upward sloping curve. This is considered normal because investors want to be paid more for lending their money for longer periods.\n\nWhen the economy is doing well, I think the yield curve gets steeper because people expect growth and inflation, so long-term rates go up. When the economy is slowing down, the curve gets flatter because people think interest rates will fall in the future.\n\nAn inverted yield curve is when short-term rates are higher than long-term rates. This is unusual and people say it predicts recessions, though I'm not sure exactly why. I think it's because the Federal Reserve raises short-term rates too much and it hurts the economy.\n\nIf inflation is expected to increase, I believe long-term rates would go up because bondholders want protection from inflation. If a recession is coming, rates would probably go down across the board because the Fed would cut rates to help the economy.\n\nI'm not entirely sure how to interpret all the different yield curve shapes, but I know that banks prefer a steeper yield curve because they can borrow at low short-term rates and lend at higher long-term rates, which increases their profits.",
    "veryPoor": "The yield curve is just a graph showing interest rates. When the economy is good, the curve goes up, and when the economy is bad, the curve goes down. It's pretty simple.\n\nWhen inflation happens, all interest rates go up together, so the whole yield curve shifts upward. When there's a recession, the opposite happens and all rates fall together.\n\nAn inverted yield curve is when the curve looks weird, and it means the economy is confused. This doesn't really predict anything specific, it's just showing that investors aren't sure what's happening.\n\nThe Federal Reserve controls the entire yield curve directly by setting all the interest rates. When they want to stimulate the economy, they lower the whole curve, and when they want to slow inflation, they raise the whole curve.\n\nBasically, if the yield curve is going up, it's good for stocks, and if it's going down, it's bad for stocks. That's the main thing investors need to know about the yield curve."
  }
}
