{
  "id": 15,
  "category": "Behavioral",
  "competency": "Strategic Thinking",
  "difficulty": "Interview Ninja",
  "tags": ["super hard"],
  "question": "Describe a situation where you identified a strategic opportunity that others had overlooked. How did you analyze it, what actions did you take, and what was the outcome?",
  "ratingCriteria": {
    "excellent": "Shows exceptional strategic insight with sophisticated opportunity identification, rigorous analysis methodology, and measurable transformative impact. Demonstrates alignment with JP Morgan's strategic thinking framework through systematic approach, stakeholder management, and execution excellence.",
    "good": "Shows strong strategic capabilities with clear opportunity identification, effective analysis, and positive outcome. Demonstrates alignment with key strategic thinking qualities valued at JP Morgan.",
    "average": "Shows basic strategic awareness with adequate opportunity identification and satisfactory outcome. Demonstrates conventional approach without sophisticated strategic frameworks or exceptional results.",
    "poor": "Shows limited strategic thinking with reactive approach, superficial analysis, and suboptimal outcome. Demonstrates minimal alignment with strategic thinking expectations.",
    "veryPoor": "Shows ineffective strategic thinking with poor opportunity identification, flawed analysis, and negative outcomes. Demonstrates fundamental misunderstanding of strategic principles."
  },
  "sampleAnswers": {
    "excellent": "During my leadership of the UVA Investment Association, I identified a strategic opportunity that fundamentally transformed our organization's positioning and impact. While our peer investment clubs focused exclusively on public markets education and stock pitches, I recognized an unaddressed gap in the venture capital and private markets space that aligned with emerging student interest and evolving market dynamics.\n\nMy opportunity identification process began with a systematic analysis of three key dimensions. First, I conducted a comprehensive survey of our 200+ members, revealing that 42% expressed interest in venture capital but only 7% felt they had access to relevant educational resources or experiences. Second, I analyzed employment data from our university's career center, identifying a 35% increase in students pursuing roles in venture capital and private equity over the previous three years, despite minimal curriculum support. Third, I mapped the competitive landscape of student organizations, confirming no existing programs addressed this growing interest.\n\nTo validate this opportunity, I developed a rigorous analytical framework. I conducted 15 structured interviews with alumni working in venture capital to understand skill gaps in recent graduates. I benchmarked programs at peer institutions, identifying best practices and potential differentiators. I also performed a resource assessment, evaluating our organization's capabilities, potential partnerships, and funding requirements for this strategic shift.\n\nBased on this analysis, I developed a three-phase implementation strategy. Phase one focused on building foundational knowledge through a specialized venture capital education series, featuring both technical content (valuation methodologies, term sheets, due diligence frameworks) and industry perspectives from five alumni speakers I recruited. Phase two established a venture capital simulation program where student teams evaluated real startup pitches and developed investment memoranda using professional frameworks. Phase three—the most innovative element—created a student-run venture fund in partnership with our university's innovation office, allowing students to make actual seed investments in university-affiliated startups.\n\nImplementing this strategy required sophisticated stakeholder management. I secured faculty sponsorship by demonstrating alignment with the university's innovation initiatives. I negotiated with the university's general counsel to establish appropriate legal structures for the investment vehicle. I developed a multi-year funding model, successfully pitching alumni donors to secure $150,000 in initial capital for the fund.\n\nThe outcomes exceeded our most optimistic projections. Membership in our organization increased by 65% year-over-year, with particularly strong growth among previously underrepresented technical and entrepreneurial students. Our venture education series achieved a 96% satisfaction rating, with participants citing the practical frameworks as significantly more valuable than classroom learning. The simulation program's investment memoranda were of sufficient quality that two local venture firms requested to review them for deal flow.\n\nMost significantly, our student venture fund has now completed four investments totaling $75,000, with one portfolio company subsequently raising a $3M Series A round at a 4x valuation increase from our entry. Eight program participants have secured venture capital internships or full-time roles, compared to zero in previous years. The program has become institutionalized with dedicated university support and has been featured as a case study in undergraduate entrepreneurship education.\n\nThis experience reinforced my belief that strategic opportunities often exist at the intersection of emerging trends, unaddressed needs, and organizational capabilities. The systematic approach to opportunity identification, rigorous analysis, and phased implementation provides a framework I continue to apply when evaluating strategic initiatives.",
    "good": "While serving as Vice President of the Finance Club at UVA, I identified a strategic opportunity that significantly enhanced our organization's value proposition and competitive positioning. I noticed that while our club and similar organizations on campus focused primarily on traditional finance careers like investment banking and asset management, there was growing student interest in fintech that wasn't being adequately addressed.\n\nI first recognized this opportunity through conversations with club members who expressed frustration about the lack of resources for exploring careers at the intersection of finance and technology. To validate this observation, I conducted a survey of business and computer science students, which revealed that 35% were interested in fintech careers but only 12% felt they had access to relevant information or networking opportunities.\n\nI analyzed this opportunity through several lenses. First, I researched employment trends, finding that fintech hiring had increased by 40% over the previous two years while traditional finance recruitment remained flat. Second, I spoke with alumni working in fintech to understand what skills and experiences would be valuable for students interested in these roles. Third, I evaluated our club's capabilities and resources to determine if we could credibly expand in this direction.\n\nBased on this analysis, I developed a comprehensive strategy to address this gap. I proposed creating a dedicated fintech initiative within our club with three core components: an educational series covering key fintech sectors and business models, a project-based learning program where students could work on real fintech challenges, and a networking platform connecting students with alumni in the space.\n\nTo implement this strategy, I first secured buy-in from the club's executive board by presenting the market research and potential benefits. I then recruited a team of five members with complementary skills in finance, technology, and event management to lead the initiative. I also reached out to alumni working at fintech companies, securing commitments from eight professionals to participate in our programs.\n\nI developed a detailed implementation plan with clear milestones and metrics for success. We launched the educational series first, followed by the project program, and finally the networking platform. Throughout the process, I continuously gathered feedback from participants and made adjustments to improve the offerings.\n\nThe results exceeded our expectations. Membership in our club increased by 30% year-over-year, with particularly strong growth among computer science and engineering students who previously hadn't engaged with finance organizations. Our fintech events consistently achieved attendance rates 40% higher than our traditional finance events. The project program resulted in two student teams being offered summer internships based on their work.\n\nPerhaps most importantly, the initiative established our club as an innovation leader among campus organizations. We received recognition from the business school dean for bridging disciplinary boundaries, and two other student organizations reached out to collaborate on cross-functional initiatives using our model.\n\nThis experience taught me the importance of looking beyond conventional boundaries to identify emerging opportunities, using data-driven analysis to validate intuitions, and developing comprehensive implementation strategies that leverage organizational strengths while addressing capability gaps.",
    "average": "During my junior year at UVA, I was the treasurer of the Business Club, and I noticed an opportunity that others had overlooked regarding our approach to professional development events. While most student organizations focused on large career fairs and formal networking events, I observed that many students, particularly those who were less outgoing, struggled to make meaningful connections in these formats.\n\nI analyzed this situation by talking to about 20 fellow students about their experiences with networking events. I found that approximately 60% felt they rarely made valuable connections at large events, despite attending multiple each semester. I also spoke with a few alumni who mentioned they found it difficult to have substantive conversations with students at crowded career fairs.\n\nBased on this information, I proposed creating a series of smaller, more focused "industry deep-dive" sessions where we would invite just 2-3 professionals from a specific industry to meet with 15-20 students who had demonstrated particular interest in that field. The smaller setting would allow for more meaningful conversations and personalized advice.\n\nTo implement this idea, I first presented it to our club's executive board, highlighting how it would complement rather than replace our existing events. After receiving approval, I developed a budget and format for these sessions. I reached out to alumni working in various industries, explaining the concept and asking for their participation. I also created an application process for students to ensure those with genuine interest in each industry would attend.\n\nWe launched the program with three industry sessions in the spring semester: consulting, marketing, and finance. Each session included a structured discussion followed by more informal conversation over refreshments. We collected feedback from both students and alumni participants after each event.\n\nThe outcome was generally positive. Student feedback indicated that 75% felt they made more meaningful connections compared to larger events. Several students reported receiving follow-up meetings or calls with the professionals they met. The alumni also appreciated the format, with most expressing willingness to participate in future sessions.\n\nThe program continued after I graduated, and the club expanded it to cover more industries. While it didn't completely transform our organization, it did provide a valuable complement to our existing professional development offerings and helped some students who had previously struggled with networking to make important connections.",
    "poor": "Last year in my marketing class, we had a group project to create a promotional campaign for a local business. Our group was assigned to work with a small coffee shop near campus. When we first met with the owner, he told us he wanted to focus on traditional advertising like flyers and newspaper ads to attract more customers.\n\nWhile the rest of my team started working on designs for print materials, I thought the coffee shop should be using social media more since that's where most students get their information. The shop had a Facebook page but it wasn't very active and they didn't have Instagram or TikTok accounts.\n\nI did some basic research by looking at what other popular coffee shops were doing online. I found that many of them had active social media accounts with lots of followers. I also asked some friends if they would follow our client's coffee shop on social media, and most said they would if the content was interesting.\n\nI brought this idea up during our next team meeting. Some of my teammates were hesitant because they had already started working on the print materials, and they weren't sure if the owner would be interested in changing direction. But I convinced them that we could do both print and social media marketing.\n\nI volunteered to create sample Instagram and TikTok posts to show the owner what kind of content we could create. I took some photos of the coffee shop and made mock-ups of potential posts highlighting their specialty drinks and cozy atmosphere.\n\nWhen we presented these ideas to the owner along with our print designs, he was interested but concerned about maintaining social media accounts since he wasn't very tech-savvy. We suggested that he could assign this task to one of his younger employees or possibly hire a student part-time to manage it.\n\nIn the end, our final project included both traditional advertising materials and a social media strategy. The owner implemented some of our print ideas right away but was slower to adopt the social media recommendations. I heard from a classmate who visits the coffee shop regularly that they did eventually create an Instagram account a few months later, though I'm not sure how active they are with it.",
    "veryPoor": "In my business class last semester, we had to come up with ideas for a hypothetical startup. Most of my teammates wanted to create an app for food delivery because that's what they were familiar with, but I thought it was too common and wouldn't stand out.\n\nI suggested we should do something with cryptocurrency instead because I had read that it was becoming really popular and people were making a lot of money with it. None of my teammates knew much about cryptocurrency, and honestly, I didn't either beyond the basics, but I figured it was a good opportunity because it seemed trendy.\n\nI didn't really do any formal analysis, but I had seen news articles about Bitcoin prices going up, and I had a friend who said he made money trading different coins. I thought that was enough to show it was a good market to enter.\n\nMy idea was to create a cryptocurrency specifically for college students to use for campus purchases like at the bookstore or dining halls. I thought it would be cool and different from what other groups were doing.\n\nWhen I presented this to my team, they had a lot of questions I couldn't really answer, like how blockchain technology actually works, what regulations might apply, and how we would get businesses to accept our currency. They weren't very enthusiastic about the idea.\n\nWe ended up going with the food delivery app concept after all, and our project received an average grade. The professor commented that our idea wasn't very innovative but was at least realistic and well-executed.\n\nI still think cryptocurrency would have been more interesting, but I probably should have learned more about it before suggesting it as our project focus. Maybe if I had done more research, I could have convinced my team it was worth pursuing."
  }
}
